Cluster,temperature
0,-2.435760200802113
1,0.03750096814460524
2,1.114679985361858
3,-1.0225476000922415
