Prediction,RMSE,Code
238.33078866097574,12.126830614290967,AAPL
188.58236475692098,12.356975627681445,GOOG
214.20803626618869,13.171486259660442,AMZN
