Prediction,RMSE,Code
231.65204,5.5279246155850625,AAPL
174.65886,5.790758366972926,GOOG
199.89627,8.21661646350218,AMZN
