Prediction,RMSE,Code
233.1622256048435,3.0239839266253266,AAPL
170.05800720627298,2.8302858091893768,GOOG
201.34275228687486,3.8044529977799604,AMZN
